index,daily_change
Dow Jones,-0.27002272284051543
NASDAQ,-1.2259712645261478
FTSE 100,-0.31985001334516205
Nikkei 225,-0.25758374215101504
S&P 500,-0.6951856853269652
