index,daily_change
Dow Jones,-0.26831357958144475
NASDAQ,-1.2578254440718608
FTSE 100,-0.31985001334516205
Nikkei 225,-0.25758374215101504
S&P 500,-0.72179345602642
